Time,Amount,V1,V2,Class
98724,980.4202248882759,-1.2990487489367446,0.8944552489794438,0
26896,2368.5416683205385,-0.06206206973825441,0.5915061790391031,1
97116,1631.284985241338,0.8968102790954462,-1.2965905495006154,0
44667,4024.287867529129,0.9030750343694762,1.5714980057507928,0
28701,2425.3935382261484,0.47049074095553933,0.5945337430215774,0
60794,4688.222706516399,0.13833963158134427,0.07605768272637449,0
94087,1635.1050619035168,-0.39726329927916515,1.498764519178945,0
34368,85.19836728608121,0.129440692578875,-0.7439176122906729,0
73954,3183.866734128638,1.2036422949149825,1.211156432948201,0
87813,3485.848967535559,1.4292204398454018,-0.348096741459689,0
38082,3853.4007837547115,-2.3652681787161,-2.230818893532529,0
57426,4806.564095182382,-0.08329010894462123,-1.3596311996150137,0
58942,38.86656868008209,-0.30632193606003083,-1.3147170439861409,0
32083,4744.71136341176,0.11312111591761485,0.737614615319059,0
18932,3212.124858094749,-0.5652889078007396,-0.6957506913284575,0
6588,3541.536431056351,0.1459663841790821,2.0900554772243924,0
47552,4423.544445390308,-0.8573280582558669,-0.17624364472111528,0
60055,1543.4189249793328,1.2913403561625543,-1.4031687871892378,0
9390,1023.1421364020122,-0.10195171680393265,-0.1904341645979945,0
82152,2108.0982333649977,0.6299824292084312,0.982233126555868,0
90341,857.0086544050321,0.4427696107435931,1.230122130225184,0
23113,1463.6347100012997,0.3378441366194277,-0.05957607235952558,0
44530,99.98838657917508,0.14617014297211892,1.2264243272393154,0
10149,2352.594680236173,1.2079534733179245,-0.8026649366986268,0
87379,2217.4040291588,-1.6670416273380673,-0.18923692269359135,0
81819,4157.847049798553,0.9560876883234559,-0.5832645732477422,0
19928,4692.529076547203,-0.09775778464488706,1.227764180798769,0
10709,1898.8282998210386,0.422493629675234,1.9687926049536477,0
12367,906.8682600351513,0.5466034015346634,0.055814079091686966,0
95773,2475.167195408551,1.8106185774236174,0.37824698166462184,1
81386,1849.710493909778,-1.5755786892485284,-0.23278707591014794,0
68388,148.96200769478952,-0.3986155743964979,-0.4456344249056676,0
46394,3004.63513600913,-0.31094372855458474,-0.8296578264671024,0
82279,2417.1464399450897,-1.6533938800401213,-0.7347627464602899,0
56311,3180.511035520973,-0.03227737185791512,-0.18117256767561932,0
48706,4510.236632445587,-0.5022760036188336,0.36209951268259377,0
24341,2626.7989208524455,-0.04055684026348396,-0.12070628394040461,0
52836,4953.421713422259,0.2080932725357436,-2.6315027374487747,0
94136,114.62137197026601,0.6349478722258753,0.4040312892500806,0
69817,3833.7321588969016,-0.48903424305789067,1.2615069811578716,0
71462,3061.5782575649373,0.9229113100533691,-0.4696992853663729,0
18752,4263.227943319641,-0.23634349680683137,-0.5778718498972929,0
89899,2424.3336817506524,0.3242977950283469,0.15615235905064856,0
74895,2568.027994679432,0.9845085430077607,-0.41685447914327256,0
38521,3542.1374796573214,2.010606860715534,-1.6143271639078167,0
73837,1729.741601986177,-0.9612807724614735,-0.09176300485398153,0
79953,3692.9328075451663,0.13737995068155243,-0.22918740704485407,0
85417,142.93280712564084,0.787674322140523,0.9454729412089253,0
31653,653.3876336315186,0.20979634424730428,0.6019061544073839,0
73703,1962.354658419066,-0.7982740055749522,0.5955894879527751,1
29006,1472.0129302561606,0.4266278831738289,-2.990033867880709,0
52278,1077.7521711845707,-1.3586498568715735,1.8043511537044479,0
72950,2988.269548730092,-0.9066684604514921,0.3428954547984623,0
4299,2136.875697034072,0.6783248335797659,0.8465547380437464,0
43610,4008.7716974817654,0.8124474589211355,0.5188300398898723,0
21978,677.0368607157224,1.2587541782352922,1.1541323919737418,0
18795,1899.5450366640732,0.2569550303378171,-1.2936450274647584,0
92927,600.4675045817426,-0.21813934765297202,0.13397141436282584,0
96454,4286.211124915579,-0.439012081961428,-1.1930420012849035,0
11960,1246.2918796146039,-1.1707933387205198,-1.1164509166313126,0
36464,2900.059632326917,-0.11502718482823833,-0.1873549045161472,0
45245,2607.480152332162,-0.3720007931472789,1.0060185430509772,0
84534,3168.2161264913734,-0.7855684110698853,0.2472442256156726,0
57500,2542.331636030299,-1.44475643469681,-0.4538016519908403,0
21192,3544.988686776408,0.7392259402441981,1.142746953067033,0
43118,148.14555363689584,0.4722015653170025,0.29772055988504253,0
85952,2514.7831045991625,-1.7639754449421325,1.17577818999918,0
81465,2958.3697471757973,0.03602445483349548,1.7917979774662993,0
5327,2714.627503312866,2.160761632492133,-0.18689132120601964,0
60659,4377.251600638781,-0.19253600358718254,0.6818659040523766,0
45161,1926.0230940403694,0.0752935547678977,0.34276224059994315,0
39463,771.1139476652723,0.15527824916937547,1.3604762395843872,0
42706,3113.1771632318228,0.10635421341623909,-0.4385255963549575,0
45855,4677.859158625812,0.17973501536144226,-0.7179882983748151,0
38616,25.595582471221178,0.17208719475084674,-0.14232444896427454,0
45521,1137.0561473409957,0.1634723929097278,-0.6828107124694655,0
31433,1992.359748290532,-0.41758729812045964,0.4470351756055943,0
14268,3932.0545919587335,1.3104342453896332,0.8820555223537077,0
17114,499.87650873186516,-2.374885389761276,-0.27928876802147706,0
16968,3846.169278006031,1.520225061905857,-1.8232782677954775,0
88109,3265.7425784045195,-0.8198413539452827,1.5398964551218572,0
69189,1884.7385300887665,1.5735966623080426,-0.31520480449520727,0
81625,2252.743737867407,-0.8178740616447094,-0.42665088910891813,0
7383,4380.1475807800225,0.5028068912710931,-0.7941454889707162,0
96721,4925.450567401663,1.8561932613197671,1.4112532991048414,0
68942,2863.7297652396915,0.5965505675792911,-0.17256722782915332,0
60885,3253.0875322776797,0.5983397439077794,2.018634664551868,0
54653,3973.2426712371307,-0.9624310527811979,1.3345169271357031,0
87290,2824.709551087828,0.2289445469505008,-0.3157106686661761,0
6838,2227.0291595177205,-0.5181841906358161,-0.29069862819968095,0
25397,3564.2673267155183,0.06901746464934287,0.4685323705485785,0
59833,3750.5943931449524,0.15653892470380096,1.12856566352737,0
55513,3607.5136412467814,0.06493468124637404,0.04344738135312516,0
95138,3151.38638590456,1.3409782426833587,0.128475861141984,0
74170,3326.63132257425,-0.05309445168058132,0.04919833527180657,0
20989,2425.183618087223,-0.16416463106054247,-0.0361520104744323,0
6554,1944.3363162261824,-0.2654786354293199,0.8166927242880958,0
80616,1116.0104184722202,1.7097158085745419,-1.8041411579394993,0
35562,213.53545396313012,1.1530169855477344,-1.407640071963025,0
84897,3905.6066994199905,-1.4444319753750312,0.8497776246421452,0
79925,4521.665020255195,-0.19856605270319114,-0.3073568998020773,0
50734,3875.729614201034,0.836964293033433,1.5981436129944806,0
54271,1605.8351049483788,-1.4543051032804035,-0.8204767794714954,0
57664,4496.145462060753,2.151383858132124,0.3007993323550862,0
2767,4897.844623372781,-0.20024739307554934,-0.4063508668089295,0
27513,538.1000513865803,-0.1557014588195509,-0.33544997366024387,0
13806,588.7154646790416,-1.8412385479928213,-0.5448991864510192,0
31489,1589.4545902684508,0.06568646774621043,-0.8955603642180239,0
23542,1511.9585174416407,-0.8554907996538863,-2.1308547935932887,0
89044,2205.802519706665,0.1655447323689688,-0.3639726554378148,0
70008,3557.7326118014826,2.190411300616519,1.4532443719711485,0
16315,1568.8339458947876,-1.349167175242954,-0.04950682478845461,0
84768,3455.8420437782383,0.6093971118123641,1.0826317681070436,0
53247,1870.0114450513433,2.172274031708898,0.39216502204921555,0
32669,1073.9080922812511,-0.46492833639768094,-1.0046173560596454,0
1749,4435.91543828691,1.6002096869839963,1.5633875552122056,0
7708,216.32811407778118,-0.3834293805268757,-0.2741058390010543,0
89965,507.110939447179,0.6308050653310496,0.9908533857214179,0
33369,4451.22091454705,-0.6520111919783276,-0.43267822761414165,0
84531,2428.8897415053166,-0.2925047831477881,1.6454437871619643,0
82287,4547.001284116403,0.09633500279737735,0.6058758826471802,0
11305,1118.7950128832624,1.3648673335587067,1.4443526572184504,0
17442,1338.5928573070528,-0.4870855769223886,-0.918258079438088,0
14165,4375.71989114827,0.45772301110446245,1.0337383012129155,0
72553,2753.5209719876975,0.4545652315589567,1.408866543865384,0
31709,1372.637566050126,0.718357535638153,-0.9928918396787169,0
14934,808.1938939217931,0.2543334343508267,-0.1562652390326802,0
30975,3035.7532908845224,0.7590358524702455,0.2113037795402636,0
61443,4832.42336394968,-1.8737462139774919,1.1315913186505624,0
84517,2933.5017587469815,-1.9763818085155098,0.20039810410904751,0
4147,3387.4784165340816,-0.44427080598986934,-0.5157869494589595,0
35860,3943.876487033707,0.3405972430595227,1.7446086473522047,0
84578,1377.9205534945334,-0.4236849336314378,-0.07289431934564315,0
98314,1526.694211351044,0.8717507112802055,-1.6436415839987744,0
21719,1135.9881416310102,-0.2743299290395636,0.8338802329622685,0
68963,1833.4568357523112,0.11104063395376869,0.10816879347660571,0
70785,1983.770050740437,-0.610541796970866,0.19464739888028024,0
12070,2792.739021276707,-0.013379363775354385,-0.004898912937046267,0
76022,1465.313557661964,-0.13694718264842312,-0.8891814158848631,0
68129,2334.864394216707,-0.7011316676580638,-2.3406858735301608,0
62021,3752.583874338843,0.41455190087206206,0.6082794192578801,0
66204,4893.108693603068,-0.2446757056064802,0.08310352077069236,0
11386,4925.901849387324,-0.790026337000438,-0.9275111542495884,0
64953,1450.3655713042097,0.2907325576427649,-1.4592737064558203,0
93148,2605.9646012570174,0.8509815216417779,-1.8902535082401233,0
82853,3144.440089376524,-0.39080033552965016,0.47420526687334286,0
32689,4329.899611838518,0.012501461948799787,-0.2989723291455881,0
58204,1483.1900224981537,-0.869051084232441,0.8293850792129083,0
76616,514.0290276679632,-1.2449942853298548,-0.4208338055038728,0
67825,154.4277338639649,-1.2614935044512978,-1.0932326869634315,0
46946,1421.741266221716,1.5337952287176149,-1.8624107038605284,0
6136,4936.40223687544,2.1112061696265085,-1.3292464397734827,0
17649,786.4951057177594,-0.6571423054433346,0.8590247659084816,0
14348,4558.187908801864,-2.158014280781926,-0.05540051392085557,0
97960,1161.0836264017994,-1.247179994181899,1.0795307840589181,0
27215,3833.3157693695866,0.5204072030462198,-0.26035147380181345,0
44193,1268.2012941736543,1.1740808970816712,-0.5489133408958187,0
91895,2013.144909530129,-0.8383282949436418,-1.5278663131211887,0
68257,3753.6773499701335,0.7882489654530601,0.9768018294693812,0
12495,1372.0956511716854,-0.3355044208641159,-0.1900267358416069,0
27825,584.5562954047773,-1.0556640214511879,-1.3235581917840524,0
59924,404.22102458878726,1.148424176598744,1.121281689052444,0
60899,600.4930593212965,0.6719653360909384,-1.9077512801800498,0
686,4500.3167252730045,0.8657127690616553,-0.3442944668875887,0
90642,945.6952581697814,1.2972231814589599,-0.1350780835353872,0
84931,4051.619556467116,-0.7192593266079824,-0.09150371702260611,0
66805,1533.5278297415095,1.664254018929042,-2.516917726000548,0
89672,570.9145409718396,0.0856184183180853,-0.38336362790046036,0
71462,3472.1287512959866,-0.07501274728033416,-0.7045839958291994,0
40055,4878.0286457018665,0.31437690137976665,-1.268944774845532,0
50960,888.7626917582863,2.0585700231426505,-0.8661748033780978,0
99732,785.8610770736462,0.988268750711449,-0.09258258631892816,0
90176,3417.4680013049215,-0.7959112785012187,-0.5608902653312557,0
25327,4493.8284342569605,-1.2518552535975112,-1.1738208202964504,0
93195,331.90422218458417,-0.24642270098731278,-0.2948922466920296,0
79852,4214.746927072433,0.38061187811864944,-0.8136182857287931,0
43404,1773.219267447783,0.6396785989039092,0.4597877966941564,0
47364,2910.693051270259,0.2820014388222815,-0.08540592948148093,0
65083,3699.4433859560227,-0.39554006323035124,0.31597674520537783,0
53402,1508.751708329163,-0.37813896332298513,1.6024595990018646,0
59927,1156.6076712084573,-2.011063755253547,-1.3459072471981777,0
23816,3375.3747248580253,-1.2216889636059691,2.2264075327526625,0
26332,955.0709368416976,-0.32742520684849136,0.6679032910697599,0
97649,2936.9309595466857,-0.3242544702018422,-1.5335045326851082,0
14126,4588.79270991604,0.41670842712593115,-0.5452767309516574,0
34466,4721.857763552351,-0.5966100201905269,-1.2109789844352512,0
44895,3955.623677676567,1.4380411011981666,0.2050971368482383,0
23622,733.2501302121119,-1.2080637694335483,-0.6978841678860156,0
31701,4828.556535902055,-0.8103547312383499,-0.7733276659500149,0
68719,180.20310688797224,-0.8351589962519846,-0.43691957979738016,0
17469,1511.338036514284,2.3283781312493868,0.454630054982089,0
21929,2497.5747002234657,0.7508636415948086,0.7932957842205884,0
9736,2433.301615181636,-0.3428822311646246,-1.5891232298615565,0
80299,1996.134744986373,1.0893198419869863,-0.9952592247951657,0
76923,1979.425667089737,0.357497542925558,0.32573706237098665,0
39571,2734.822295880093,-0.87215925800139,0.15259097974387456,0
19875,4835.497029451364,0.5806115271614231,0.3469300201023785,0
38597,4215.0483534633895,-0.7700374866021361,0.7095182195072856,0
73516,182.0011317764786,-0.22369710158380793,-1.6457582434546651,0
26253,1433.525904159746,-0.686965527489296,-0.37452058547112943,0
13813,2562.8058876395344,0.5554668906507101,-0.07035511912216423,0
87258,126.77132972632454,0.7117941692625125,-0.4298090057891802,0
35531,3204.807217930583,-0.23376509381996902,0.6066962197156327,0
96448,188.23340073936436,-0.15533578218865174,2.816710815700982,0
56695,4176.706946601576,0.22110104425465518,1.1704005092873235,0
10871,3776.196632900416,-0.07640706184816397,1.7721790906362385,0
95127,1875.4554120910373,0.32965121637747896,0.29410336035796275,0
12452,1220.9129386461127,-0.13431131525053802,0.785340623205814,0
27630,1476.9535997804455,-0.6083647869809926,-0.8634423717983138,0
37255,3017.943399756686,-1.4821297131089513,0.7946691036051372,0
36336,1530.011067734544,-0.2600256010270244,0.7049082035697717,0
13926,2365.990464662064,-0.45371616075055,-0.08579799600369618,0
44611,4791.893093496161,0.8143520637364492,0.4327864669823932,0
45927,2153.6112666040676,-0.12950158157364028,0.258584717984345,0
77532,403.6087247832198,-0.5679405192424996,-2.9846803526828674,0
41587,1511.8012148912524,-1.2782593716005899,0.02015188837811776,0
94002,664.1694692722549,-0.13383948710667815,-0.6554131847459741,0
93153,3229.65458502147,1.536382606954573,1.6636431144872588,0
8829,1382.074860185658,-0.2297533401126355,-1.2987510639944309,0
57636,2041.8745837345155,-0.5722582785051723,-1.5383664160277324,0
25765,4450.3517637278665,-1.721906845527711,-0.06160341780456185,0
16433,2613.4387743191483,-0.25631124732922617,0.028112607190863195,0
52037,4916.137661976345,0.45504479752076493,0.2774385130692951,0
4485,4238.486343229254,0.7732776610781409,-0.23971285998691466,0
66611,2436.2384354890864,-0.47749738971538364,-0.41243185191416654,0
22321,3503.786258537845,-0.3630394088373123,0.4500106165951124,0
67154,4782.20743782205,0.7955031706334894,-0.4130240578553017,0
11757,4330.803294577856,0.687771253493788,-0.06425800460461388,0
85237,2841.7878800677154,-0.6110404946377204,0.9184319061205608,0
69743,3601.081867764093,-1.2895643442762605,-1.184127329114599,0
97468,1742.558751697752,0.6588291265040657,1.3282036809520708,0
55988,3410.178729943926,0.8861048363022065,0.6766159295840523,0
29948,4374.6772780945175,0.06488977610530425,0.38827970455239313,0
34072,4596.825175334133,1.0592507378171439,-0.5213857778201395,0
43725,3934.8377655857053,-0.9080752360894909,0.22951519489830186,0
41560,2680.5599648136717,1.498751188263116,-1.0100978475171731,0
45103,1763.1691827459017,-0.6695506394402626,-0.811471680252554,0
9629,4918.464701385689,0.7688951304829975,1.03569427053768,0
73181,4113.200671773487,-0.2634502929982176,1.8090639517921823,0
90521,862.0693178230332,1.418630614240842,0.41615660965996437,0
55293,2916.58759146937,-0.04508752294599901,-0.36547320167508307,0
27831,3434.2725388545077,0.8085602719476148,0.8090616742441497,0
36958,3415.029872644361,-0.583596706772971,0.5584408205500938,0
54352,589.2212744589565,-0.5232823122240242,-2.1812901706020984,0
28433,1589.591795722528,-1.01028666323445,-0.41392769507045435,0
33290,1265.24638094487,-1.6183816558617852,0.26091913154071444,0
21754,2285.6626453836748,-0.2502660531698916,-0.5440205573215674,0
68999,4339.909802424928,0.618466382600386,0.8734272900755193,0
90786,63.608698034915975,0.2591207632198096,-0.3716592122592205,0
49765,3473.754107924325,0.3635594510309687,-0.01795082796478117,0
29826,441.01378464427574,1.4767771197382604,-0.11750520555669125,0
63898,1325.5278861717672,-0.4191860756396683,-0.7955562144833039,0
40370,2620.862814486496,-0.34914065696728536,0.3331162276788072,0
24295,4609.824848598149,-1.0204847409828957,-1.2053336294616468,0
27913,3714.4600319779365,0.3688237193843764,-0.8786036190624262,0
78843,2385.13029954879,1.2781448000600786,0.40004169098240194,0
32529,3251.207092190068,-0.0908608194338237,1.8256863521509044,0
57427,146.77133372170192,-1.1130964949125934,1.792984930473204,0
76625,461.1496726605047,-2.9273250957963723,-0.31342642428595274,0
75217,2813.698274593781,1.220047337695282,-0.19879339057684547,0
43085,47.17722814683356,0.9658762035711596,1.275252387515534,0
83124,26.109711390558953,0.7480565311580214,0.16451554451640482,0
46017,4749.87244550525,0.43816154696547543,0.16699153953239265,0
32663,2026.603876189285,-1.2762655084480403,-0.16310458076145504,0
34530,571.7028227643012,0.21759401185254856,-0.3919579929647599,0
73339,2825.070974455225,0.5397544774390977,1.7641174672866102,0
17585,4971.891527983788,-0.8180507400842487,0.3678447292269747,0
92158,1871.6601068860766,0.12717492287232507,-0.4417340132196651,0
63727,469.6877832196472,0.38097295241295837,-0.2704441317426717,0
65066,3208.315978300246,1.6134700852832766,1.1131483667439674,0
85314,1356.5794427294254,-0.3846830037084771,-1.553440790483498,0
83490,146.56923603555805,0.9964247623690154,-0.3209719253856139,0
28762,1610.930022595623,0.6524687344137322,0.5898816955683962,0
26661,1365.2639491153018,0.7974711170927992,0.9637954061275571,0
40972,760.0409194057339,-0.6848594978489823,0.3820686479798913,0
79971,4440.027487255843,-0.5475222842548907,1.1166898436403312,0
53712,1071.4926923836003,-0.9057025735224561,-0.06005767321948819,0
94985,442.26369978731805,4.953338967023175,-2.017304935866151,0
69630,3194.574440976922,-1.0492024899442436,-1.3971874769716075,0
17325,3522.9659171410067,0.5846363337138211,-0.6111367743505236,0
70910,3447.143828093023,0.056968856511267124,1.1782125539103205,0
21990,3079.2312194323204,1.2112774421973616,0.9729406204641959,0
68587,3956.403110316442,-1.06970398758885,-0.9455462680568264,0
73702,1922.7397540493619,0.8158531267191952,0.5976290188977837,0
12980,202.93718148988282,-0.1714601411843861,-0.7569232629442926,0
36867,2193.407179298347,-0.4100670956675314,-0.7530347209047585,0
75714,3176.6416024969567,-0.5064156814551656,2.550925483862926,0
72662,3456.0502043800693,-0.8266841339596462,-0.0649014217821868,0
70871,4353.000633267901,-1.571156179564073,-0.94925727628796,0
22615,152.45850381551296,1.315747911244005,-1.5320889058541696,0
63534,1178.6897124054701,-0.054693811665372016,-1.9490483022065404,0
81455,965.1080321163441,-1.6066485030803914,0.3471077236424099,1
72795,1787.9689548286838,0.20385115032139167,0.1366043070003523,0
16387,2541.0771547497056,0.6080321351778922,0.10868779300922209,0
6003,2646.44334709584,0.08321641682504843,-0.6051510277487568,0
22187,1774.8877562970256,1.3531924715131902,-1.6702125440902422,0
29659,3239.2982548137256,-0.9236237054153091,-1.5825377150095563,0
14220,3202.0688658769345,-0.42483294178796843,0.7344121697488568,0
32078,3401.707426846161,-1.261001126107212,-0.20125625732562002,0
92685,789.212075276296,1.4413086512521558,-1.8107965091520837,0
90099,1655.982248823869,0.4094342742202639,-0.347010172244285,0
6029,2961.8255713893304,-0.4688551006862758,0.2578953611558333,0
19248,3986.157514320741,-0.7377879103029268,1.3596828236503502,1
99835,1187.0558019015505,0.2134691254468918,0.5119427906393614,0
55934,918.2970178927907,-2.456791068910499,0.011387113242305456,0
25426,1075.0962839170602,1.2710843326236783,0.8639159425541973,0
2185,4626.494146093412,-1.074983557479643,0.0391412238951834,1
32647,4920.917427687657,1.0925258039646368,-2.150408209798641,0
44350,1914.235795334528,-0.6857825517322483,-0.4069572284366082,0
73775,3001.8644010547746,-0.5949285008352685,-0.18718350838033046,0
11568,4247.911162177106,0.6506062553648009,-0.4018376383267823,0
21101,635.4484069492395,-0.6303387433768898,-0.2226347282417787,0
26971,4448.250264968877,0.9507863670575021,-0.19294955696984775,0
9375,538.2226758211677,-0.5413461144857655,0.42185114542946367,0
73139,585.184356982737,0.8975209257619451,-1.8986251342832274,0
4825,3989.4191712309134,0.8460663408183268,0.40394505433610944,0
37753,1905.0792600962236,0.8735712701262942,-0.6768981739332844,0
24757,692.992306327242,-1.7009388499523876,0.13566409786574962,0
21636,2020.6596503393005,-0.15183449588167275,-1.7581698035759576,0
68094,356.86673119600607,-0.9255351722012598,0.42380010528033557,0
57321,3274.0934994775034,-0.5937244178922091,-0.9421659017386856,0
98982,1394.6133907143537,0.40793999667398323,1.0238309875048255,0
48639,86.61353893956559,-2.3200298083646023,2.741542186992868,0
99863,1122.7246889174492,0.39488077070959593,-0.35254078130258093,0
10803,2235.850086043483,0.025219478152608544,-1.780310049448387,0
1665,1899.5025228957718,0.6543505020035748,0.6553674947867391,0
1447,2068.9914741976313,-0.40034650139274774,0.4825425244217008,0
88958,3893.741628958199,0.8431834220690068,1.235511639981706,0
22829,4633.481282597681,-1.2352537329269868,-2.4745647942842948,0
66747,3408.422865987902,-0.8766264282256245,1.6823345532329395,0
2244,4329.511422837195,0.33137813950874656,1.6049348296613717,0
64104,4368.63021962946,0.7748633723862098,-0.15284032985871662,0
56563,1116.2408117929667,-1.321387944351339,-0.7941036794003572,0
82698,459.4837927634637,0.7104716818960891,0.3025202881389488,0
40637,2668.9063091143616,-0.14905794449002582,0.05123169076876472,0
6588,1033.685496017977,-2.0623154489676585,0.4789978262697774,0
79913,3552.7678279665083,-1.2075966884819171,-0.7308125564629654,0
55271,4156.883465562206,0.7503227100726978,-0.6117305000973352,0
94708,3501.1911564453217,-0.49428155811249275,0.5077185121739842,0
62144,1425.2048306345228,0.5048027358588413,-0.6031854505522763,0
54877,2798.548833207661,-0.8897605202577099,2.3655670353401548,0
78134,2398.660649110394,-1.157838537692946,0.18502125856279045,0
89549,2295.1982945168984,-1.5519973603898705,-1.5812231701134423,0
77598,2606.6144933322116,0.6128863603055089,0.2678068147627609,0
99110,4780.55463495451,0.7861833215377232,0.8292661436548342,0
80404,4953.574966132176,1.2528907695808877,1.491906262352319,0
25695,3560.397497169781,0.5841285866874603,-0.7113732986286568,0
76021,2435.897862119876,-0.15289605840043405,-0.8613286897617838,0
35619,2054.9456930786964,0.3180869564105641,-0.2064680958746699,0
26433,1432.0948347580454,-0.07771422321567026,-2.388786909692681,0
59992,4405.498176318825,-1.1567248968738264,-0.8306577199065358,0
75626,151.3210065478604,0.4139508299332436,0.5003452646934974,0
62537,900.0659933853055,1.7875073952418854,0.9961096586532662,0
85860,2259.5108950061353,-1.1789136831031324,-0.26687808256614737,0
88179,3298.4198488910693,0.3230989862454412,0.9402933995562371,0
40135,2364.916434396268,1.784068511998095,2.051770523192153,0
60873,516.3739622038833,0.6216870325655905,-0.5481061502789597,0
53438,4838.426787348759,-1.2868352691842242,0.07284300029049681,0
9601,4196.924821538816,-1.202381403840875,-0.6468631295717543,0
88696,1967.072547376334,0.6108247102328404,-0.1601102740455347,0
63795,638.2301834716486,-0.6558689441556035,0.9804943875538191,0
12410,3200.928631707118,-0.7347762239228631,-0.8052970897388169,0
53851,3412.0043271659397,-1.5653360814579675,0.1308455423918221,1
36064,5.974639671356141,-0.5273193843632014,0.19250922721834562,0
17176,4894.347006329664,-0.5457497729783052,0.8755787750471438,0
62142,2302.5487510966204,-0.4219133760427596,-0.36300607737746915,0
4301,1019.3160827941206,-1.1689962958812148,-1.0789053829136774,0
88007,1715.3223213799922,1.2648093046400302,0.07172236934692049,0
58519,4646.950548098954,1.1708919503611703,-2.074303371544108,0
33444,543.3969765752861,1.364493137748833,-0.4339775905471099,0
49702,4331.464920352586,-0.790677951844922,0.46111461058141673,1
47124,3110.2158315562697,0.18090955803607903,2.0504352694390047,0
83358,4096.123619683582,-0.22998207277720828,-0.9358549026690026,0
17324,2532.488434235774,-0.5523069727432186,0.8799948260252801,0
66854,2152.35156415012,-0.37539246818861643,0.014370684461500334,0
77099,4331.660510079744,0.7160011203222375,0.21258524025726375,0
75168,522.7365421125812,0.93907546611747,0.46472064179086475,0
68779,626.6534859798811,-0.810338868093694,-1.1332479499736445,0
54849,4208.0299682852165,-0.12135624126222706,0.9055878095730631,0
56127,359.9470555259299,-1.279111559448176,0.33112852166592677,0
1206,682.0177378781539,-0.6996912422412113,1.5021428005842328,0
53406,269.3126423075087,-0.6764238731597912,-0.03320866556684426,0
3522,2203.47007017907,1.444265458223816,-2.2501553415370754,0
16137,2507.6951063508945,-0.2177202471227298,-0.5209138377707593,0
27969,3775.655371024786,1.3271381073060418,-1.1711147118071474,0
80980,4542.429577250914,-0.0495962910225806,-0.16852406599344483,0
76073,4174.452409053273,-0.981241109653295,-0.31501989795209473,0
39364,4943.365722815489,-0.37506422394471844,0.2802028346499919,0
74536,908.6049394078755,0.4449589298015597,1.3541173535848323,0
30136,4984.833879853387,1.4400585147692888,0.4867415528794648,0
15883,2907.9419234061374,-0.7003109588726409,-1.1296511155997013,0
7976,448.30651982424416,-2.1866425644513297,-1.8068316484628888,0
63016,2251.6080168114627,1.3279230683164822,0.6859090679277288,0
3443,4289.191877875523,1.488980687500774,0.05092402104675098,0
81528,4754.803660514772,0.327978854063814,-0.572032486179016,0
80708,4781.072139648543,-1.2098064604047614,-0.7219642515825847,0
1496,4929.381925426937,0.13745851433796502,-1.3525676452256163,0
80498,690.7001701540888,1.9868260935317263,0.5459677320047555,0
40584,3500.915544763825,1.6677396318521283,0.05868383299151807,0
35872,2495.637151287025,0.285214424646201,-0.09706311651065111,0
36400,1201.4502901345502,-2.0391860180279933,-0.1251035492899875,0
50897,1586.9288244430868,-1.1840727555102226,-1.137963254857592,0
6313,686.9010979651807,0.13538846157364512,-0.6474193626064136,0
44046,3100.6139169477747,0.04098328671169427,0.13566336174525892,0
77760,1004.8012200309031,-0.2203275265678484,-0.06078279799041826,0
49996,3084.5852237622507,0.563624577809941,0.2905270128904565,0
93093,2501.8092135308425,0.13496838627286226,-1.8398423297243462,0
48757,3070.0600982346286,-0.5150034664057808,-0.23090157299992542,0
87278,1393.7032161666912,-0.26008537040823654,-0.5445965314094537,0
8367,2898.8906533700515,-0.4226691445760244,-1.1544072308474558,0
72329,3447.4545793011935,1.09393162397561,-0.28552032261328886,0
63198,3887.046500505371,-0.30821887200119136,0.7650235906881009,0
12109,2345.058938984155,-0.4560298212367532,-0.9751271970772484,0
70638,4745.446179111046,0.609578615221747,0.7416215927999296,0
79474,3910.896538490488,-0.675978293003872,-0.8521956161002496,0
68740,468.6362050914089,0.975461434388499,-0.008087555376633667,0
69397,3380.7336650769194,-1.0407807635811333,1.183186299457832,0
97672,439.9866093806354,0.4602012921618364,0.6240504391821964,0
29085,2787.3993192491266,-0.6070619708353675,-2.2088633138263147,0
87067,3139.7115321777537,1.6733987938274546,1.1103850935119797,0
11599,2297.7533588323518,2.217327332137016,0.10148361549107585,0
90132,2652.210683395806,-1.2099115767332995,-0.1080461996527178,0
87563,4287.789081543042,-1.7623560563868195,0.2787807904036564,0
39031,392.0046134109007,-0.728260693817024,-1.2549091448388516,0
5779,2606.711347949756,1.805538578900363,0.5928538263253392,0
96439,2687.874723788935,-0.08512152768363505,1.7980677524874638,0
78555,4085.891510254845,1.2072765683927265,-0.8741670184925896,0
9770,1421.9565054978461,-1.2917777206019718,0.8132303029845661,0
96743,1539.5963213711566,1.5195417211317255,0.015058152287623928,0
4320,2620.055603316524,0.809349203697951,0.2720188162601009,0
40506,2424.909806765651,-1.0911929250994776,-0.35880962212251655,0
54740,2740.255799424823,-0.4894442970728954,2.2783579813994828,0
26728,2497.1941997120434,-0.4243968778153486,0.06722238001445369,0
73654,4641.778287902334,-0.4081545534388476,0.08753131494348168,0
31910,2535.221551278577,0.7316709127398933,1.692260057849103,0
12739,1480.4537585909939,1.8169180874486175,-0.2736168467380604,0
67052,1836.6834535751248,0.2615925342797037,0.6485883642366217,0
11967,3426.632253684269,0.7933987074898255,-0.9500489377099532,0
21999,1829.935570671451,-1.3850724055882375,-0.3631806332789315,0
1507,3035.4544501114638,-0.9633221537488981,0.5006609354668735,0
37454,2057.6511686406006,0.5579253677162801,0.10388116132434508,0
90409,1746.6136828125993,-1.2720158975682194,-1.7844253107108021,0
93178,1018.203558246118,-0.42161337498494966,-1.5865314907881565,0
40638,2269.8474572741197,-0.8570949755769758,-1.9084235003287915,0
96871,4779.268263016595,-1.374756107245888,-0.28434175782137977,0
18316,4117.948720533681,-0.8185689342492392,-1.5287035537712936,0
1436,2849.5841633756613,0.9663718014783825,0.24437816870276333,0
20255,742.7967188254164,-0.6756031155587806,1.0827000216466514,0
54581,4405.290554024709,-0.6142072063853796,-1.5811288155509715,0
3069,1290.1148462089363,-1.3155116477489328,-2.304593073179565,0
7202,4297.095874606308,0.545391431956562,-2.831810022525812,0
26463,550.7544414990107,-0.2550887220677506,0.848787009185588,0
64296,166.56455503447742,-0.20929665602990635,-0.6586881276037088,0
6553,2737.736057655067,-0.8788572227365358,1.7492648345929496,0
47765,2663.9454911912853,-0.917051915432391,-0.5690238879117062,0
16263,3591.8081403848114,-0.6355424113775691,-0.7490600004823577,0
65337,353.32508929167614,0.8760797299834693,0.19573865984098654,0
9875,2213.9790625792893,1.318446209410852,0.989068355864831,0
65286,3201.161354464734,0.7869247504252084,0.22171018293104197,0
72603,2082.799049032899,-0.33338636192337257,-0.20877872976546394,0
18127,3733.583949090702,-0.4266551317819322,0.9504816870484599,0
19472,4139.833986459904,-0.791633985882719,-0.14534412967836577,0
49705,4387.776038037099,0.33050832178718276,1.7896521094829105,0
48685,2668.0513047884406,0.896728011924355,-0.8829147505137828,0
16537,999.4846933306334,-0.30611552652754337,0.37053650562513535,0
70278,889.435150162895,-0.017323084525778402,-1.3577961831425842,0
37680,4030.960761085557,-1.2548318534830274,0.889502653105481,0
94190,2012.045744360903,-0.7608533626452039,0.5503403910869561,0
84723,2446.147606539875,-0.4109275941294043,1.0846806543858785,0
26779,4001.1496421978395,-1.8615589620002944,0.6950789870177845,0
486,103.58385828739047,1.4878715274993737,0.02420665896534443,0
33596,2742.8733251468625,-0.6634837115045696,-1.846894805302661,0
82783,4942.575336099534,-0.2925890559198551,2.112034884228263,0
31590,2073.6478631435525,-1.166744067384117,0.0443560109910332,0
62943,139.95374196707988,0.2217578435438867,-0.28825791936974277,1
82182,4100.911763580578,-0.3738043829806654,-0.9595728929737175,0
54284,59.8272107298814,0.6931947289649603,1.5257820388195102,0
49644,4442.759266714215,1.269495192491664,0.05864324457548455,0
65305,4236.535420599411,-0.06968169350244816,-1.1316740394604496,0
3184,4362.289459570236,-0.2026963815634883,0.7730486612028382,0
23758,2998.1938969196563,1.8703558138162186,0.3186301808269797,0
1645,1830.2815486922975,-1.065229679185083,0.058149268216041654,0
72167,1372.390107608558,1.2305502480192887,0.5361808352516675,0
93359,950.3101657519719,-1.3189005596820493,-0.9191320872750298,0
92067,3277.020823721515,-0.6983691072838362,0.295563317124701,0
96182,2797.8594737448884,-0.11189772217375991,-0.6119312186574272,0
13420,1328.3997320802366,1.5395919944483725,0.3003700206735818,0
64874,2125.7521658830237,0.5221627276818495,0.17479452205462648,0
52566,3894.4356023220607,0.5609777462153663,-0.3637548700912563,0
14915,3097.4163065511702,-0.5938120764731445,-0.6468624064214245,0
21728,808.5836381024702,-0.28130684737355444,-0.3468284833889051,0
90988,1252.7874996341243,-0.749228727721312,-0.8574673424751104,0
25441,1537.1849925091185,-0.8200496888346228,-1.4606655332649183,0
23851,4995.91171968387,-0.8109957532165927,0.9739799577787094,0
94749,1407.3704997539148,-0.8461430708094939,0.35214274541048907,0
34531,2556.294251966643,-0.39893207143357534,-0.7987416486705262,0
4423,6.540968637772093,-0.2005201039879534,0.7286768960447566,0
90843,1357.6383090345435,-1.2994713011767023,1.7263865007039105,0
52012,422.4442169903059,1.1875205349863989,1.3458383502238145,0
61761,1909.8871641416558,-0.4854760233314954,0.39380615482169334,0
33396,1522.0080134122659,-0.8814498149630203,0.24235511752321162,0
32254,216.80874546497975,0.33158608548916557,-0.28892425879864597,0
36315,1282.5002666678326,-0.8210123640347196,-0.030808468176275406,0
41017,4740.415608578626,-0.25036319953749653,0.014862593931962712,0
90396,4723.498429638302,0.011429366613843746,0.022961940548604957,0
65769,3074.3006606038307,1.543545641821705,0.39754344544125236,0
28306,3838.9803934296324,0.04026727739991614,0.8142796440112047,0
30727,518.8879047427503,1.6597098151391725,-0.40744278414523927,0
56271,2014.0030404360505,0.9749202225719736,-0.7608407906541123,0
90597,2930.8044691735413,-0.08947806191002172,-0.7492988946573323,0
41140,2824.38034995494,-0.9867156837061228,-0.9395238506410558,0
21807,1862.007468829559,1.35870105524515,0.8018076271789714,0
42301,742.8663734896146,-2.578163682991933,0.19424004914976306,0
32236,4364.196823395368,1.797588090179799,-0.39074188468673643,0
2135,901.630767237187,-1.0801802667659968,-0.5651696977063186,0
50994,1966.3175571415265,0.3522267316245531,-1.4400449647025861,0
98017,542.093810247068,-0.04438673525617814,-0.06195249805230627,0
96595,4727.125210707835,-0.3448847915966464,0.613446783199235,0
10682,498.3640979307019,0.33127091334509146,0.7865360148666907,0
30666,857.4771775832302,0.4475238864583679,-0.8754668680313781,0
24565,3383.9365163719613,-0.15692533896437103,0.7823984330309353,0
3107,1328.6018532554422,-0.5152549739684289,0.2554433537592,0
7643,986.1894030692075,-0.6460747515475795,-0.7057733043745142,0
20261,879.8099200979137,1.6852184251608862,0.9274986159967605,0
85800,4675.293659965929,-0.6203984806089498,0.8383384862699449,0
88892,2554.300552994458,0.6131507111060668,-0.2049294896497492,0
59295,4574.067185686834,0.9081556921106635,0.7639362538728283,0
58444,2945.048522153286,0.9964832115267015,0.7040541371909632,0
72377,2928.5503057343954,1.0589902039126116,1.219498982028561,0
88995,1241.7282503774152,0.03137765045449692,0.8169390449819928,0
72266,3919.733233746962,-1.5050461596384699,-1.0195174937068991,0
91281,574.5897312168869,-0.37036218884286237,-0.05327328823690183,0
77189,3565.9466657112453,-0.23563156133402835,-0.26445436476565665,0
52249,2050.6780075125494,0.09841177540685293,1.7122022903594198,0
57286,2694.3849351873255,2.082617138816389,0.4122500627277105,0
15034,996.5170419229636,-1.2489736738188877,-0.7058883944191781,0
87545,656.5601709843844,0.7667087720614202,1.0575936723435875,0
94090,4869.581582107074,-1.8134536152164187,-0.8366836903318379,0
95576,90.3345462828159,-0.3190315266490075,0.9457847607113014,0
66190,3841.9900987765877,1.45895033611619,1.7524595561410186,0
8048,4022.2950196786537,0.05109021226653144,1.236382205213967,0
27470,1947.1348091475077,-1.2277721500476404,0.7736939504297786,0
27943,3071.0299065949644,-0.552235473946413,-0.2748451588308174,0
7692,2240.159121185583,0.6890485212353432,-0.13751613084732695,0
35265,3184.6406970013322,1.4650206472781133,0.909453375446276,0
38238,4619.624239055393,-1.362375652110854,-1.8270130539925387,0
37642,1586.6154415874157,-0.523219334256179,0.6831359158102247,0
29783,1288.8551734206394,-0.5673123662484105,-0.35012814089480776,0
74877,2473.5985981753965,-0.31514545704875896,0.7313716072466472,0
11948,1405.134795870786,0.11880257733684897,1.7524784008250585,0
57607,3469.177144365471,-0.06446214278934298,-0.5980046547050546,0
59664,3088.5371396669566,1.3007380252910739,0.4982174691996349,0
67421,2455.715738839781,-0.4626643878962655,1.080932051578765,0
96998,239.36198772457007,-1.7417122736747541,-0.3003340877320032,0
15222,1356.012354217382,-0.27889533230433283,0.22999533124195842,0
9786,4770.585033942048,-1.225576249031208,0.10787940829403277,0
21097,2660.5867179019597,1.0158533814506339,-0.4918229427527807,0
35430,234.36232695742575,0.26644597255904895,-1.1142068402525764,0
9691,4583.290521769468,0.8113748608686537,-1.4267741904273474,0
30077,3637.3985920053965,0.35319528483216694,-2.502953691770508,0
65269,621.506374344159,-0.9889994668422206,0.22846659636895017,0
86885,24.451476146692407,-0.1661385297435297,-0.30466570236278184,0
14849,3893.4467262905314,-0.3746499805489208,-0.8885952217965708,0
33952,252.3251382326991,-0.02516471324231992,0.8972751490769127,0
27991,578.9997358219756,0.71761259204638,-0.47160777661781456,0
44110,3865.4055190392905,0.12893294216121806,-1.0439345008401972,0
73440,2882.905104928935,-1.2507432172405741,-0.0975607046748472,0
54242,1453.826927981095,0.34871546296978984,0.2100055508010585,0
10420,3319.945791345701,-0.2029270503620813,-0.3750877670785012,0
60321,1595.4594798319904,-0.10954174913594628,-0.9987475719415739,0
95585,4149.519341856887,1.0506862127947576,-1.0380816552576029,0
58402,2307.43486070906,-0.6010778502227394,-0.5185623610096831,0
20567,3362.9205429157573,1.2025040296618714,-1.2553064840542678,1
58358,4221.7918870145795,0.8432701794550137,-0.1401410610937385,0
66260,163.30760691721346,0.06539969478579719,-0.8565488970087779,0
41966,1833.6399832808236,1.6227514706733575,1.242156022414675,1
79669,850.3180007706318,0.9310279472605044,0.18684846840034436,0
53606,3418.7856590616393,0.09527940794898836,-0.11505506100492348,0
91631,2980.1976952522996,-1.0081834505543772,-0.36877838042320255,0
92136,2636.0784739890096,1.1027727331125527,1.7704058353696404,0
37405,3853.110794042434,-1.4503003051017107,0.5762353752357252,0
34464,591.0614811934706,-0.5455919563879769,-1.1829862583505406,0
21812,3848.1803851443756,0.7193313731887875,-0.04813994831646779,0
55007,1628.8326315982065,-0.9255305748416671,-0.22685024866087386,0
61732,92.84438379958348,0.7764232475405062,-0.25148518089601807,0
8148,4781.364800524651,-0.0056606580268437874,-0.653458459472779,0
4139,4229.777587312728,-0.7914484306641125,0.4360118614511669,0
34765,1299.0083250219247,-0.27007896496330747,0.9791410121974676,0
64076,2660.7598302272377,-1.620605682756318,0.7501423882551268,0
11175,1005.3411123633871,-0.42599975680201174,-0.2738668067812977,0
88779,2075.8002239538973,-0.7874934406648499,0.22308383878141838,0
84345,3859.9495250347622,-1.0323632335325779,-2.773818179751903,0
22042,11.910847221934251,-0.05532575676888991,-0.9138266727904347,0
45116,3785.9471398779847,-0.20136875104618918,0.5395174994069385,0
92194,742.2210700458454,1.037907414100501,-0.4088020024043896,0
12256,4814.145755036605,-0.11649623332590892,-0.9832682755437508,0
14237,1818.1823513140132,-0.30317283185349553,-0.5288559826515605,0
65988,974.3160839666887,-2.2683796362701005,-0.2163193226593154,0
36033,4984.4163666033055,0.2780454121209646,-0.15050002636632917,0
38543,2588.4430212296143,-0.1295887462899428,-1.3505844924740462,0
40525,3573.279386859311,1.2700463848405608,0.9037220489992943,0
81484,697.2479714174856,0.5882130456143414,-0.16942977676254628,0
79709,699.1409917129671,0.222946846865244,1.8412915063541317,0
56513,4315.407789016977,-0.21674623311035807,-1.0886569686792933,0
18503,3894.203593415727,-0.011494543974559906,-2.0908552441898265,0
75664,2192.0200540830865,-0.9291660122222677,-0.2468321461344293,0
82234,3305.5285319641057,-0.39991202314003965,0.9806456438020607,0
91184,3096.2249750704345,-1.2092627563466407,0.9264981496724253,0
15220,2193.5152407076807,0.5799638148505585,0.8722477377834377,0
91714,3832.4071837409674,0.004378245992938453,0.35222566860884624,0
58833,326.9682601155566,-0.16799084167194986,0.7068677333466825,0
41791,1905.345373866172,0.22816733246692805,-0.8050189530585782,0
4161,2101.710653793809,-1.1644385095561696,1.229980312979326,0
58285,3757.007791342611,0.23489800938398805,1.5326835201733884,0
97774,3316.8581488825876,-0.4504990689803692,1.2315658476343463,0
95071,447.86362673909287,-0.2322965895535895,-1.2533129200673614,0
27510,3816.328319190936,0.8017073329344392,1.2758283091337494,0
30043,654.0960693301312,0.9855336652493438,-1.6140049348568501,0
47934,4851.204898007922,-1.1656934994579002,0.24337839774132128,0
58861,3532.805372004283,-1.0996791368067484,0.7153343775376112,0
98752,4921.2643594127685,0.11634686247167111,0.4939207095823283,0
79576,1449.7950859378484,3.4122107783266133,-0.6196848120442198,0
34431,208.7546609888369,-0.3557242958641941,0.1494595194910247,0
84062,4589.769691563094,0.2909187164940828,0.9650302829370844,0
1827,208.79842424179674,1.0972013097554902,-0.15241215144412476,0
75365,2171.451253202737,1.1911388960548677,0.03800724451451825,0
36384,1889.5971742434635,-0.32445737098899075,-1.01330916806174,0
16782,437.1015952599222,0.8227662266462784,0.025486961133761754,0
65017,3876.860923184218,1.5351076261162044,0.7527476238495632,0
23998,3693.3548047367117,-1.3518337270076761,1.2593461509734263,0
59399,965.8893754372206,-0.38441204608748536,0.25126316676791205,0
65989,642.6516612573702,0.3389920319341495,0.7985485491234217,0
51571,1100.83477468773,1.448188363601677,-1.6488631926333732,0
53885,2626.36181550359,-1.9446226157717441,-1.8726881082091502,0
15594,3613.2460629791676,-1.88178124890475,2.232107903682505,0
80065,3348.2286048016063,-1.9728994781423896,-0.9761881473066629,0
96951,1926.1194325908687,0.3139252162893959,0.8675824366567751,0
55704,3209.9436914232842,-0.46352852132642886,-1.5308096028793128,0
83865,3241.74240659588,-2.3870402606943504,-0.4964673965747781,0
44111,69.89742775145469,1.7091448135475358,0.27423956272946654,0
63626,1155.2501948649597,-0.04916619673442176,0.9043022647078296,0
6532,4881.2892573886675,-1.730159355549533,-1.9766618013506276,0
85521,2415.848944606,-0.13309357063420654,0.35943626495124914,0
55125,1981.845250810963,1.3225391156299862,-0.4209252334526337,0
81332,1828.40077796808,-0.7539064950683299,-0.6644076280702157,0
5464,3627.827700961468,-2.6534741729735964,-0.06664142660156726,0
73976,776.2721430266928,-0.4855448943149084,0.42211620869679706,0
73906,2436.916459751152,-0.0027273101649449953,1.3573359179874482,0
85900,807.9389421138544,-1.4672225864875252,0.770592805642793,0
58986,3988.575826570716,-0.2728031494103854,-1.6563574004634056,0
64060,2992.64290686837,0.6983882854640042,-0.32850257660732524,0
61760,2012.4407152057495,0.6608414601763122,-0.9618490257904581,0
69766,4471.618552549368,1.7801767328883638,0.6434238688671665,1
88313,2380.6251925554084,0.4587972663187044,0.13324103134737333,0
13184,3165.623356322986,0.36736339853010913,-1.4415538292313654,0
30556,1277.048479571295,0.10436919627100189,-1.546495538531936,0
47928,2272.7934508562394,1.5318412897352454,-0.2980405739747186,0
30912,4533.634985107224,0.13811619537180692,-1.3503403275193298,0
32473,451.8187687864289,0.2536520268559497,0.36268212631373536,0
82891,2830.6903170915143,1.1553512295575497,1.2059772156049104,0
87636,4985.252635497661,1.1368878199517536,0.09608446270733774,1
76453,3934.85712348084,0.23631426629124716,0.0919633084949447,0
13812,1032.5056954911904,2.7602490729229765,-0.6967152736749541,0
3043,2448.9724557388577,0.2804756273905465,0.5058601558144888,0
90797,1176.4719205382246,1.7220059728657717,0.5043287843091322,0
10627,1054.0059496008507,-0.8424853917488851,-0.01561250243698018,0
69549,3913.794457584379,2.225243822053557,0.4756054328989796,0
58528,4408.32791719285,0.18738699735896278,-2.440661751264893,0
37199,82.67509790568006,0.6944293723837974,-1.0271479543681785,0
24578,1684.3844504179867,-0.43948477501162564,-2.282076086506414,0
21801,3551.481141114503,1.0825086460311089,-1.1229274345041267,0
62696,3882.816126988983,-0.8227531832112914,0.7391938013343882,0
7160,4426.936119944284,-0.1578946106547578,1.5366482921928117,0
61093,1714.6366018837543,1.376886667465883,-0.031221743122999007,0
615,358.8094114564117,-0.27628444117501805,-0.8453376028762335,0
77887,616.7276007500739,-0.020638055939445156,0.22562150704569797,0
60183,3977.508085052092,1.0623825735216221,0.27078083448951057,0
39554,3962.424504133675,0.5278204213027944,-0.11106671376232465,0
89716,586.4755462342913,1.0203898367319104,0.29677283225837137,0
14208,1387.4145137622074,0.4623828364649387,-2.0993841012418017,0
73078,2321.405899903016,2.10329134980862,-0.9890265351264956,0
11411,1878.9663341145924,-0.9614807668888938,0.8184394740005907,0
62359,1170.035301143642,0.7829688329137897,0.201029658086032,0
54730,2034.1604307845334,-0.4546727268326072,0.2657405739149764,0
88540,2368.464973479041,-0.8896625342034092,1.1372195381850199,0
60798,3466.2080151998516,0.5123039238890335,2.020161432409421,0
96831,2381.104789603033,-0.25392987575653897,-0.6088785445003618,0
46306,669.677624806806,0.25092144116151116,1.0924217481600658,0
11659,1029.808540742489,-0.32607182314730104,0.268347988959011,0
22546,4045.1481960093006,0.5997057456689645,-0.09850767045773177,0
5597,1518.3066399351974,-0.6517811932289042,2.249036179896567,0
79131,2435.8337336803374,-0.6206811006808909,0.05761408383017849,0
80257,2327.223344276802,0.3863885026688112,-1.5726501754501963,0
76149,3511.0653720505306,-1.267244141104273,0.19920094290145623,0
64443,2676.4593783095547,-0.9581670889210092,-0.32093657499039424,0
48293,3762.382314621585,-1.4975940600171849,0.06123413774075676,0
11571,4442.478376845461,-0.1708647657032938,0.24520316933884936,0
94784,3755.7233336216195,-0.46900897101896666,0.2769786664887517,0
56390,1001.7319591930518,-0.14258397017649377,0.8899348499562849,0
67655,4402.282596702375,0.6874499268457703,-0.6106650838680634,0
20079,2826.368626163942,1.8730237666065224,1.5232300142330386,0
49053,3570.5157693635397,1.5997456685826827,0.24362291525086122,0
45210,3401.4219605381204,2.3363233753931554,-0.1305429749887902,0
41186,4305.448758341794,-0.799641444114793,0.06859788614825683,0
59198,2292.7977279953143,-1.432643396128768,0.8620362167447579,0
91982,4289.496699124473,-2.3138704878119913,-0.3815605002357755,0
4853,203.03782585195717,-0.6741371086229795,-0.4617805101399412,0
28322,3125.0807605292807,-0.25431571114469353,-0.6655427047219735,0
76267,1018.31625327988,0.27065802184307863,-0.9409921773154396,0
69320,3986.845265637029,-1.4680369896879992,-0.08237344193905094,0
86475,3279.993585853545,-0.238034172276419,-0.23132439255543769,0
77991,804.6474968825057,0.11636061927602237,-0.9023926277795751,0
69577,130.59458514854572,-0.42893708692507365,-0.2396193012465142,0
20654,1737.0409461695658,0.5731342842627029,0.5923179778094608,0
6505,4191.965104333679,0.21128590598584995,0.10024116992352397,0
38820,290.5292464979342,-0.9408715964014319,-1.3492031550890942,0
63752,4019.4725563096185,0.565619029027305,0.27251901882029556,0
16532,2162.7229017973664,-0.3971402685861072,-1.1466796438879658,0
90983,811.3929429347427,-0.06407499921187133,0.46264722681518783,0
84546,1758.9951347604333,-0.5085785362933003,-1.214571411456934,0
57827,2019.0770214453896,1.1054606384862962,1.2766473170671218,0
66417,3967.89375661617,-1.1482017853440316,0.12881643732288145,0
9381,3535.814339518341,-0.9717334145201794,-0.7392413038852166,0
829,1035.2081862198497,1.8964733890091445,-1.6445527296680325,0
41591,3797.2866441789606,0.9532068488210806,-1.995063872657545,0
71572,2918.1858719967995,-0.9802118418258331,-1.784783903004363,0
3803,3632.8522639046055,1.001812749772205,0.40331807094980826,0
72773,3317.327917843234,-0.42351099199122527,1.9351177388068057,0
44629,3232.807422525189,-0.4649377039924679,-1.043900630436584,0
79833,2270.805687201955,-1.494428940958515,-1.181989115616832,0
58566,3694.121876328274,0.9369599996135745,-0.12375411964176325,0
95475,2363.6834337030145,1.5573650429073582,1.3671229746717586,0
6366,71.57693200782411,1.5376251602932434,1.6931748657280052,0
52760,140.65655167640855,-0.41100290066188766,-0.9796028014825977,1
35983,307.437275764621,-2.922779239591185,1.0400027741706397,0
60133,787.9019978710921,1.2575816057903337,-0.8512362757403383,0
65147,4655.744301083166,-0.5603098320656205,-0.7585249990123812,0
37737,3570.272159188571,-0.9079356179222018,-0.6172784618339784,0
10970,2328.7318086583355,0.5407571907411323,0.6475578245698904,0
77831,2566.800768153109,-0.7535904619437825,0.9321543132579656,0
58726,2712.2390148839713,-0.14011836769423153,-0.9865462598906783,0
11097,2083.9140777052794,0.010881186298192496,-1.9153315954186485,0
71245,4808.519889448121,-0.39263024627489906,-0.2243049717223735,0
87699,1532.3273289195338,0.7120567161343722,-1.1852869185959904,0
11873,1861.311855102435,-0.05501490254862209,0.577216510420445,0
27122,3588.3036198983204,0.14644552861015186,1.9974700287779315,0
85607,2083.881036613462,-1.3604158520925385,-0.4079121302675599,0
96365,1134.029251284413,0.5438472390485197,-1.327282973124737,0
85281,2893.765145655098,-0.6691109797478247,1.3860970227380598,0
21723,2637.7002083957195,-0.20197440814782056,0.8140366968934117,0
55636,4551.5925862805825,-0.2901941758307213,-0.7585549833318708,0
92725,1618.9959262409648,0.7088404839532888,-0.8694191219905315,0
13744,2500.4810804540602,-1.2914373399558732,1.7526836926304328,0
42312,2090.2690449704087,0.2533076791637928,-0.4714592419537953,0
48853,8.446116139534388,-0.062341173988588044,-0.3001762327297369,0
79473,4322.451992123158,-0.3716745614402601,-0.9487170659560591,0
58226,1389.80210036468,-1.239776231448476,0.9237837330457025,0
33611,4861.58584154871,-0.5879381691102904,1.8622839453034556,0
50079,4290.6685921736935,1.0423642431769884,-0.6567374506676752,0
53278,2469.788578225374,0.5444578325354444,1.3655317828803082,0
55901,1508.3511820930685,0.550795025883157,-1.9487299913429525,0
32377,3511.8339738115305,-2.560679509629153,-0.41387132172013186,0
1824,4358.239497272863,-1.9813726945481496,-0.3251463545337683,0
46160,1167.5152027402653,-2.216799462914018,-0.2171055136878202,0
28669,4095.666605559635,-0.351147873483896,-1.3321191036772138,0
82484,3723.3586727042943,0.5186332407747081,1.0317869852406496,0
19121,77.46541785452199,-0.7942339294300805,-0.33545397989912495,0
92780,2462.4294682330346,-0.131106653524206,-1.5728036986647016,0
42997,4485.797193471397,-0.7708581574182296,0.8985088239284451,0
9480,145.03965435643917,1.3186627890767808,-0.4917638133454431,0
64395,4683.633548108251,0.7625412278739738,-1.4286982476092678,0
77642,888.3311577097786,0.5961131207700808,1.3967472017154634,0
80409,746.1134456604946,-1.3893144965850623,-0.02580271048319409,0
23183,2475.644128740349,-1.7952547762141122,-0.6306511932007984,0
24522,3918.3615385487988,-0.007022448977841899,0.8039622732280709,0
27011,4155.899404780321,-1.3795754588751894,0.23862392362882878,0
87762,3048.658225850401,-0.5115198518931938,1.6394351893818038,0
78632,4192.506579553392,-0.9558306284354826,-0.05612990389440434,0
57282,1799.3909753294818,-0.27952731770076944,-0.08633839519793438,0
97417,4143.354818137837,0.6896408960008108,0.5185218085475161,0
51936,1650.922246468317,0.861168318480379,0.6243652448475367,0
3754,752.2670536187503,-0.8169922933786261,0.11327292595959976,0
7886,617.6175367580539,0.3474700412539962,-0.6548489078954909,0
67648,3252.906302216266,-0.05221656051609104,-1.0601160567941887,0
34325,1871.4152787557055,-0.05512357049096175,-0.7006150638180817,0
14068,4733.635498838505,0.9817089701294593,-0.5097295722324507,0
10984,4132.858152177768,-0.8699684780750898,-0.15336661102293236,0
36066,4184.388393374583,-0.057992635398824974,2.182432724759821,0
87430,408.2431891980021,0.17337546862971093,-1.3513343755704288,0
86746,3781.1188955975504,-0.4303173827063712,-0.8047093351316296,0
34362,4565.714561904683,0.4685468562707892,0.23244249231994474,0
70503,3419.5146286482764,0.41727142038223863,1.4607999278468846,0
8079,1744.0663990947708,0.9334530975210377,-1.469303620895372,0
76142,957.5214384374764,-0.13717670402684773,-1.8596805841458568,0
21907,2448.5222489447,-0.8896788810133693,-0.4277291276799797,0
73996,1740.846211328937,-0.02885517798474115,0.3256262582881444,0
55345,3266.64246200991,0.4533914751885293,1.5874109948658413,0
26506,2873.023170591264,-0.6688687113764152,0.431674606826057,0
62223,4072.268021410378,-0.3018696713618151,-0.036564014910071,0
69331,1407.0096572168761,1.7478970130315399,0.3614595646702353,0
13214,4954.549213171741,0.27929595341894337,0.08238866658504308,0
51642,1839.3572570999056,0.5236732716092523,-1.63397558442483,0
26950,610.625958975487,0.2673883276045893,0.21832600470003696,0
77120,1595.3161216247818,1.1134824784216346,-0.028958159802700292,0
13827,1365.1274703026006,-1.0999448324114662,0.5493148409168009,0
90885,4757.807845815912,-0.3110581107212371,-0.0331280865770712,0
2823,4047.885325292694,-1.0876553916383547,-0.3633939100365663,0
6835,130.9972746683319,1.6668356161296116,0.7408021611261831,0
68236,3673.9014701865763,-0.6358635518150628,-0.8409028484545733,0
78955,482.4362062715093,0.38121723574737704,1.4465428062589032,0
70570,1223.7621275330657,0.1732234400321399,0.9286080291666922,0
65023,3189.734953116805,0.894268655619339,0.6890593265898579,0
35223,3356.5099156787496,-1.3552503015912376,-1.0976648171731538,0
97439,1967.8824957991926,-1.0575039968015594,0.24918860525312583,0
28719,3278.4065407480043,0.6631838191257287,0.5245292609727182,0
46125,283.39562939206473,-0.694935130551833,-0.6309224549358486,0
63551,4548.145100649227,0.5056320332306111,-0.9121076395887544,0
99963,3816.050095674472,0.8074876959956901,1.0668841031261247,0
1097,1037.6709357347247,-0.05253761372011622,-1.1700012628284329,0
91478,4397.511604118315,0.38759279662202684,1.1817183914678389,0
16211,3231.3525436828772,0.2861249361116786,-1.0967154773962253,0
63434,1249.1670160187196,1.0273356575020225,2.105138001640009,0
63901,1572.12640017931,3.421526866039289,-1.6051200318295713,0
76431,422.8298051457885,-2.4079008605902583,-2.7355394028554936,0
75026,3329.51262291701,1.6673521052363511,0.7134948742306274,0
88072,3992.796645328418,0.6625207117574784,1.1957854360134665,0
64546,3307.2604775130744,0.8493162559040003,-0.1449147874628418,0
6956,2813.841621507207,0.47481477833811614,0.7518073202067923,0
32815,3507.4249488430546,0.9048049129746809,0.3112256950891879,0
89715,924.0639285206853,-0.642519993421926,-1.3455761892518103,0
33083,2697.986934739364,0.4788982992660373,0.12675831491981435,0
86033,2017.6317557540053,1.2483573857517754,0.28679344359487274,0
77339,692.7927976096105,0.5535261657419901,-1.4800102134930087,0
12228,2019.5828329136673,0.15597076812975338,-0.6828717579098296,0
90741,4930.489523663153,-1.9125112753391524,2.440307568560098,0
35961,3246.2041793905487,-0.23376285494583898,1.0264132833319983,0
40138,1796.0899225206106,1.2142610581609081,-0.9233882941936695,0
81588,2816.584908887469,0.1713243111458748,0.8489983578849487,0
72374,735.598635717829,1.9741905823531067,-1.1166234817903398,0
69263,3251.5241116853595,0.6299148115973443,0.4491938767481939,0
54192,1665.768571972052,3.4934378616679713,-1.8552038056025275,0
68843,2475.265385171919,0.324105051382074,-0.6672746462680132,0
92550,2560.5968365922345,0.5318441838137005,2.133112277263172,0
91184,404.6775420253362,1.2008528414489397,1.2393688648100427,0
85411,4810.867509907163,1.5513114795655678,-0.19764260416402166,0
58628,1759.4311028468385,0.11259035250371223,-0.33552513525877015,0
64512,1442.8325107975925,-0.5552987415287669,1.7486344639906688,0
72958,3740.9386563863136,1.530507449194539,0.5336090041638767,0
49597,2158.8492096450427,-0.35754499121119315,-0.2512724836810724,0
42226,2139.447117670341,-0.7476304323088019,-0.367554683203511,0
69108,2278.4872533904,2.1000965172427484,-0.11472112456116881,0
23425,3388.4312986789328,1.0960629378789897,0.9433378454575209,0
35507,4662.496539934908,-0.9354449068910455,1.7866863039091416,0
35624,576.5983427755473,0.7517026312813105,-1.0139522078066956,0
63535,1487.8177314275465,0.3365229869069272,-0.5906622975575324,0
53087,1507.511628965854,1.0895738682713985,-0.7987828138508034,0
49187,2961.042638572597,0.8629774444882689,1.0871292367486434,0
52767,2715.118025371297,-0.1721658592595714,0.5517005849127791,0
95,666.6495803619865,0.07550720254664699,-0.4670218481154817,0
49139,4604.433656168215,0.8351477148852348,0.03329735077386334,0
36678,2355.409080770639,1.2979508966615103,-0.11022545895506462,0
42924,246.39354470635865,0.6638457918510343,-0.9318410224201716,0
47011,1825.7568843305926,-0.5231757238668879,0.3688967062860071,0
98991,1398.3412950721436,0.3277899912331115,-0.4531775403887262,0
80892,4437.026212900612,1.3379380065974165,0.9652662807817882,0
77027,4984.447887876628,-1.3976515017954223,0.16070078074898167,0
62261,293.27356982377984,-0.2658049548720607,0.7548766711076427,0
94849,916.3108067029441,-1.1919930418803657,0.3667879614588311,0
73689,1782.292534256692,0.47863815521165337,1.0644551895870704,0
35556,4184.324193857495,1.2458545197925115,-1.866035445704652,0
80971,108.93907191916796,2.4979710388054865,-0.23908678935969166,0
21222,1105.4809169174296,0.7130170964648008,0.8835621915619085,0
55735,4851.716135114765,-0.6161690867573157,0.7249983622601252,0
2809,717.5340064666264,0.327703876378123,-1.7578507038443225,0
62951,191.12005722344006,-1.4704808055608654,1.1872687535856048,0
80352,430.39479603087295,-0.5428793848843466,0.01652664286336568,0
28228,1125.529379087254,-0.2736674714730365,-1.1808719270419201,0
58150,882.0772330233629,0.13769916467822077,0.009146001884673485,0
98201,3165.2840909337533,-1.7167432476599511,-0.3428193439742159,0
67167,2339.632418649198,0.5346909779005655,-1.3511785425850769,0
99200,4135.170082981796,-0.07858209776189698,0.33912733097356346,0
5219,2850.446887481362,-0.5656293068579324,-0.6561322781214001,0
76109,3702.4204490669076,0.05631206634203422,2.2199891883134035,0
28497,1109.0616727819836,0.5615358195219922,0.06582326426518327,0
78596,3780.386476416025,0.8960892481280555,0.6875654576176868,0
69885,4263.8036648561765,0.8490991117881301,-0.0913907324828863,0
80142,2131.5225556034197,-0.26483823997887956,-1.3458614665289004,1
97367,662.048586133604,-1.117614201934071,0.35590252601660066,0
81598,4932.888266640424,-1.254233370496617,-3.062992384002029,0
92388,1662.844693711541,-3.165031341544941,-0.31046291963502665,0
7459,4852.207267604685,-2.37386346316635,-0.34353918365573394,0
35789,1089.156769096417,-1.649646537376454,2.1444756752122416,0
98457,1149.6396335335562,-0.5746539635770558,0.11587261746932535,0
26350,2562.8498446964245,-1.5177314166093485,-0.04671136618479399,0
98449,95.1131445635195,-0.8955231435619571,1.1572276732465856,0
62455,4326.509667162008,-0.1431817759408349,0.7704137605029987,0
52588,4219.347106320074,-1.328341549607652,0.7530298321753912,0
56866,1929.405777472802,0.8984981536436679,-0.09477552212051615,0
59455,1999.1301269421513,-1.3992466910938113,-0.000985941962095485,0
6901,1288.244488768826,0.5078338069416578,-0.08474745724044778,0
46127,3598.5634077297545,-0.6214479764065384,-1.3869876378008645,0
22719,4237.512090931255,0.12070224413707378,1.47093691819059,0
80522,407.703010394439,-0.49789539416565826,-0.03210935123722572,0
25591,1747.002841125156,1.2744317122802842,0.8011770393316069,0
40854,3790.650516945092,-0.5470973330796152,0.6775902225906534,0
89727,4141.97222544911,-2.3544032145526153,-1.2462452173667116,0
60645,3362.9078948973506,-1.9181272676716612,-1.6096827965411564,0
19287,3040.3474113956263,0.2583320365364059,0.3274920163006351,0
41384,1842.5663343276944,-0.7894945921883135,-0.708850644860637,0
92519,34.488164032998036,-0.13245619921800467,1.6353677585592585,0
50642,3768.012727877668,1.2588251462376583,-0.21135359900780046,0
61974,2346.8841731649686,-0.3366600261537635,-0.16481268475230074,0
38183,3311.624271911991,0.04229215021237852,-0.27601633003251036,1
68253,3363.8951073521735,-0.33021600628372716,-0.04842413185778815,0
51795,2568.1587350853474,0.8572015160289738,0.9582293139041781,0
6265,4362.908741928749,-1.7936557359998573,-0.24213397591072774,0
29377,2502.482589053823,-0.9033164172376323,1.5552009347599174,0
59438,4487.938517665209,-0.00471961268945676,-2.5922385872946263,0
27527,4938.441214948733,1.6677302620409107,1.353394939092543,0
40832,17.032416428505172,-0.25046475440897575,-0.13514959653429928,0
16820,4201.271807183596,0.5166091464740791,-0.3244577839260411,0
63383,954.810542487059,0.9319887433840213,-0.46990315163571955,0
30286,2447.469358572945,0.09530148916220813,-0.022031775405621123,0
62806,1780.6869281781567,-0.5051650468030352,-0.8532870331131157,0
19128,1829.9283912786773,-0.14828227812288494,0.9717235326032438,0
85249,584.8985541907787,-0.08341491540844169,1.6409751498654708,0
13111,2264.6915691023073,-0.7065921409878884,0.6179105060045048,0
83615,236.12925704753096,0.28333194985899296,-1.0830055555376732,1
70794,4908.182273647302,2.642765974912349,-0.6194669577438386,0
3823,745.1618260941401,0.8575909620123808,-1.2152316623981412,0
84767,746.9630494505997,-0.2446295909274852,0.34714962979553005,0
46636,4083.9075742880054,-0.7129832112817716,-0.22666154772393332,0
2916,3644.150257808191,1.305235559388758,-0.9746524201743283,0
45378,4895.210063081124,-0.28031599151716263,0.31586678865653134,0
56865,4530.882656114131,-1.4072152602473726,1.967876494828352,0
26529,4823.296759712328,-0.7564169083660388,-0.7640542755538176,0
1968,3839.515206037283,-1.5825094926541428,-1.5067129641074035,0
4028,4414.8088973817685,-0.6327616698461543,-0.3851991865429669,0
89044,2889.2740002732826,-0.5072840756027945,-0.6891958759829173,0
4335,4454.467579543667,0.26090146854228696,0.5606079826062604,0
90643,3487.2089930621223,-0.1515114505448049,2.225146635057034,0
92784,2727.1761345194286,1.483282308412482,0.14808536172061337,0
71333,16.70362897129074,-0.5791008017964279,1.0729661651781806,0
44554,1783.8438693436553,-0.021415243140127313,-0.42843619614324346,0
75949,2844.87173004521,0.4009812910292185,0.5875895396492838,0
42351,3260.9678098488253,1.2402695647019004,1.0211337160698908,0
4732,669.7814188971113,1.0067698703052406,0.7862780705652725,0
59686,350.36268943484106,0.6645407760970633,-0.01786560897801433,0
70107,1602.7314650182707,-1.8754561495979374,-1.3784763601745056,0
79017,2737.3923588595817,-0.5308055358338025,1.5974167044060064,0
4186,1771.582053062451,-1.1482591087246683,1.7469399425743553,0
91443,229.57204205368177,-1.793142422907699,0.8647565817084584,0
15634,2252.289891688726,1.0931615412461222,-0.8151014807417342,0
23975,9.654957911713336,0.4677367670825599,-0.789016415043344,0
36816,1528.2952801646688,-1.0666488963727618,-1.6626134267814277,0
53946,4624.841402506771,-0.5536284808566185,0.5352278293547048,0
65300,4684.4241961917605,-2.1799546923768953,0.3638725728740065,0
68163,504.13730853429206,-0.7574213650187451,-2.255428581843101,0
63275,2386.695659527524,0.9951700888407762,-0.7353489664061826,0
55586,79.60316936147794,-2.311863917751493,-0.11796405282978523,0
85911,4437.646950562857,-1.5927537333385922,-0.8510683850690682,0
72355,249.58283717728736,0.7611188578598572,-1.8241547186909792,0
4338,1370.029023893915,0.27153736655378147,-1.153005372658046,0
68374,3739.0532021913104,-0.4708584619567811,-1.0804254027311615,0
1368,2078.537920604979,0.05950658638108921,-0.17073619851600239,0
63574,1922.3983932345868,-0.6238352566066054,-0.7900715572205148,0
25218,1567.4727815579897,0.24023675623358573,-1.142368753666646,0
85704,2319.2678691624246,0.8334981687913691,0.941284809139406,0
25446,4873.294235772624,-0.03033071651719335,0.5910328318826064,0
2651,2561.8056989517695,-0.15626995564409843,0.17337612239509045,0
76004,3423.1405738356525,-1.1097746027557223,0.14939349292167128,0
58302,1653.5474044467608,2.003649513858518,-1.009645958425873,0
35543,2235.38225710102,-1.2792420897583112,1.824104678153012,0
17255,1794.4883190905082,1.3450087520703633,0.9284013319587903,0
43089,3654.901814350003,1.6495529569214844,0.4381271860434556,0
71175,4363.192259918262,1.1387389988523682,0.27407142549017677,0
64617,3388.820831005966,0.4867225260201616,1.0877467519849162,0
2302,1869.4969224579604,-0.47247314069740765,-0.7883511539039055,0
27750,74.54232863897015,0.3889709713345159,1.4566200867207972,0
67897,135.3811226131374,-2.486263623099434,-1.563924488125082,0
10995,4940.943401922503,-0.8321090743172038,0.5501984053116413,0
18822,2110.622719090947,0.12317552661021883,0.969979224176772,0
48827,3910.294951077676,-1.1322318281559056,-0.17685179306119214,0
92971,3955.3887098280015,0.8903682229713449,-0.7798029471079994,0
53497,3233.474829710869,1.0413572567930667,0.01937418019355728,0
87399,4301.401619668456,0.2962263169963841,-0.691946992882482,0
48159,1551.8400116322655,-0.7909617297567727,0.5826075335712321,0
60421,3693.857847948784,0.9344910480180012,0.262374229039016,0
30345,1041.5658499246595,-0.46843686752118197,0.8853260832570188,0
95400,4769.230183785579,2.0546440309743366,0.21405403759278951,0
6217,515.3295907357225,1.0660779707295394,0.3991111348173803,0
39320,1364.7763888328118,-0.4470254868799911,0.14480143582033358,0
23732,4558.341204360782,1.5302975852921445,-0.7388964787395889,0
74522,4590.426162463506,-0.4517451013027454,0.6637218663013396,0
66933,2699.925831670858,-1.4049578790815282,-1.0160794324057034,0
11057,3479.1428057912162,0.5123032551627726,0.5674487955958226,0
84192,1515.2486839279456,0.06332112561045176,-0.6662912292076936,0
1429,1842.4565851658924,-0.9483263106957384,-1.0724182930823032,0
53772,3543.1339653167256,0.1115535424510878,0.23378496873401933,0
39100,4007.3520202032573,0.25369756319291675,0.9256410810883053,0
